Workbook

Sheet 設定・集計
A1: 設定 | D1: 条件 | E1: 転がり抵抗 | F1: 動摩擦係数 | G1: 静止摩擦係数 | H1: シート名 | I1: 備考 | J1: 安息角 | N1: 動摩擦係数
D2: 1 | E2: 0.2 | F2: 0.2 | G2: =ROUND(F2*$B$3,5) -> 0.21966 | H2: =D2 -> 1 | J2: {=INDIRECT(_xlfn.CONCAT(H2,"!Q3"))} -> #VALUE! | N2: 0.2 | O2: 0.45 | P2: 0.7
A3: ピーク比 | B3: 1.0983 | D3: 2 | E3: 0.2 | F3: 0.45 | G3: =ROUND(F3*$B$3,5) -> 0.49424 | H3: =D3 -> 2 | J3: {=INDIRECT(_xlfn.CONCAT(H3,"!Q3"))} -> #VALUE! | L3: 転がり抵抗 | M3: 0.2 | N3: =$J$2 -> #VALUE! | O3: =$J$3 -> #VALUE! | P3: =$J$4 -> #VALUE!
D4: 3 | E4: 0.2 | F4: 0.7 | G4: =ROUND(F4*$B$3,5) -> 0.76881 | H4: =D4 -> 3 | J4: {=INDIRECT(_xlfn.CONCAT(H4,"!Q3"))} -> #VALUE! | M4: 0.45 | N4: =$J$5 -> #VALUE! | O4: =$J$6 -> #VALUE! | P4: =$J$7 -> #VALUE!
A5: データ抽出下限 | B5: -0.01948 | D5: 4 | E5: 0.45 | F5: 0.2 | G5: =ROUND(F5*$B$3,5) -> 0.21966 | H5: =D5 -> 4 | J5: {=INDIRECT(_xlfn.CONCAT(H5,"!Q3"))} -> #VALUE! | M5: 0.7 | N5: =$J$8 -> #VALUE! | O5: =$J$9 -> #VALUE! | P5: =$J$10 -> #VALUE!
A6: データ抽出上限 | B6: -0.01005 | D6: 5 | E6: 0.45 | F6: 0.45 | G6: =ROUND(F6*$B$3,5) -> 0.49424 | H6: =D6 -> 5 | J6: {=INDIRECT(_xlfn.CONCAT(H6,"!Q3"))} -> #VALUE!
D7: 6 | E7: 0.45 | F7: 0.7 | G7: =ROUND(F7*$B$3,5) -> 0.76881 | H7: =D7 -> 6 | J7: {=INDIRECT(_xlfn.CONCAT(H7,"!Q3"))} -> #VALUE!
D8: 7 | E8: 0.7 | F8: 0.2 | G8: =ROUND(F8*$B$3,5) -> 0.21966 | H8: =D8 -> 7 | J8: {=INDIRECT(_xlfn.CONCAT(H8,"!Q3"))} -> #VALUE!
D9: 8 | E9: 0.7 | F9: 0.45 | G9: =ROUND(F9*$B$3,5) -> 0.49424 | H9: =D9 -> 8 | J9: {=INDIRECT(_xlfn.CONCAT(H9,"!Q3"))} -> #VALUE!
D10: 9 | E10: 0.7 | F10: 0.7 | G10: =ROUND(F10*$B$3,5) -> 0.76881 | H10: =D10 -> 9 | J10: {=INDIRECT(_xlfn.CONCAT(H10,"!Q3"))} -> #VALUE!

Sheet csv出力用
A1: =設定・集計!E1 -> 転がり抵抗 | B1: =設定・集計!F1 -> 動摩擦係数 | C1: =設定・集計!J1 -> 安息角
A2: =設定・集計!E2 -> 0.2 | B2: =設定・集計!F2 -> 0.2 | C2: =設定・集計!J2 -> #VALUE!
A3: =設定・集計!E3 -> 0.2 | B3: =設定・集計!F3 -> 0.45 | C3: =設定・集計!J3 -> #VALUE!
A4: =設定・集計!E4 -> 0.2 | B4: =設定・集計!F4 -> 0.7 | C4: =設定・集計!J4 -> #VALUE!
A5: =設定・集計!E5 -> 0.45 | B5: =設定・集計!F5 -> 0.2 | C5: =設定・集計!J5 -> #VALUE!
A6: =設定・集計!E6 -> 0.45 | B6: =設定・集計!F6 -> 0.45 | C6: =設定・集計!J6 -> #VALUE!
A7: =設定・集計!E7 -> 0.45 | B7: =設定・集計!F7 -> 0.7 | C7: =設定・集計!J7 -> #VALUE!
A8: =設定・集計!E8 -> 0.7 | B8: =設定・集計!F8 -> 0.2 | C8: =設定・集計!J8 -> #VALUE!
A9: =設定・集計!E9 -> 0.7 | B9: =設定・集計!F9 -> 0.45 | C9: =設定・集計!J9 -> #VALUE!
A10: =設定・集計!E10 -> 0.7 | B10: =設定・集計!F10 -> 0.7 | C10: =設定・集計!J10 -> #VALUE!

Sheet 1
H1: データ抽出 | K1: =A1 -> 0 | L1: =B1 -> 0 | M1: =C1 -> 0 | N1: =D1 -> 0 | P1: 安息角計算
H2: 下限 | I2: =設定・集計!$B$5 -> -0.01948 | K2: {=_xlfn._xlws.FILTER(A2:D200,(A2:A200>=$I$2)*(A2:A200<=$I$3))} -> #VALUE! | P2: 安息角タンジェント(傾き) | Q2: =SLOPE(N2:N100,K2:K100) -> #VALUE!
H3: 上限 | I3: =設定・集計!$B$6 -> -0.01005 | P3: 安息角 | Q3: =DEGREES(ATAN(Q2)) -> #VALUE!

Sheet 2
H1: データ抽出 | K1: =A1 -> 0 | L1: =B1 -> 0 | M1: =C1 -> 0 | N1: =D1 -> 0 | P1: 安息角計算
H2: 下限 | I2: =設定・集計!$B$5 -> -0.01948 | K2: {=_xlfn._xlws.FILTER(A2:D200,(A2:A200>=$I$2)*(A2:A200<=$I$3))} -> #VALUE! | P2: 安息角タンジェント(傾き) | Q2: =SLOPE(N2:N100,K2:K100) -> #VALUE!
H3: 上限 | I3: =設定・集計!$B$6 -> -0.01005 | P3: 安息角 | Q3: =DEGREES(ATAN(Q2)) -> #VALUE!

Sheet 3
H1: データ抽出 | K1: =A1 -> 0 | L1: =B1 -> 0 | M1: =C1 -> 0 | N1: =D1 -> 0 | P1: 安息角計算
H2: 下限 | I2: =設定・集計!$B$5 -> -0.01948 | K2: {=_xlfn._xlws.FILTER(A2:D200,(A2:A200>=$I$2)*(A2:A200<=$I$3))} -> #VALUE! | P2: 安息角タンジェント(傾き) | Q2: =SLOPE(N2:N100,K2:K100) -> #VALUE!
H3: 上限 | I3: =設定・集計!$B$6 -> -0.01005 | P3: 安息角 | Q3: =DEGREES(ATAN(Q2)) -> #VALUE!

Sheet 4
H1: データ抽出 | K1: =A1 -> 0 | L1: =B1 -> 0 | M1: =C1 -> 0 | N1: =D1 -> 0 | P1: 安息角計算
H2: 下限 | I2: =設定・集計!$B$5 -> -0.01948 | K2: {=_xlfn._xlws.FILTER(A2:D200,(A2:A200>=$I$2)*(A2:A200<=$I$3))} -> #VALUE! | P2: 安息角タンジェント(傾き) | Q2: =SLOPE(N2:N100,K2:K100) -> #VALUE!
H3: 上限 | I3: =設定・集計!$B$6 -> -0.01005 | P3: 安息角 | Q3: =DEGREES(ATAN(Q2)) -> #VALUE!

Sheet 5
H1: データ抽出 | K1: =A1 -> 0 | L1: =B1 -> 0 | M1: =C1 -> 0 | N1: =D1 -> 0 | P1: 安息角計算
H2: 下限 | I2: =設定・集計!$B$5 -> -0.01948 | K2: {=_xlfn._xlws.FILTER(A2:D200,(A2:A200>=$I$2)*(A2:A200<=$I$3))} -> #VALUE! | P2: 安息角タンジェント(傾き) | Q2: =SLOPE(N2:N100,K2:K100) -> #VALUE!
H3: 上限 | I3: =設定・集計!$B$6 -> -0.01005 | P3: 安息角 | Q3: =DEGREES(ATAN(Q2)) -> #VALUE!

Sheet 6
H1: データ抽出 | K1: =A1 -> 0 | L1: =B1 -> 0 | M1: =C1 -> 0 | N1: =D1 -> 0 | P1: 安息角計算
H2: 下限 | I2: =設定・集計!$B$5 -> -0.01948 | K2: {=_xlfn._xlws.FILTER(A2:D200,(A2:A200>=$I$2)*(A2:A200<=$I$3))} -> #VALUE! | P2: 安息角タンジェント(傾き) | Q2: =SLOPE(N2:N100,K2:K100) -> #VALUE!
H3: 上限 | I3: =設定・集計!$B$6 -> -0.01005 | P3: 安息角 | Q3: =DEGREES(ATAN(Q2)) -> #VALUE!

Sheet 7
H1: データ抽出 | K1: =A1 -> 0 | L1: =B1 -> 0 | M1: =C1 -> 0 | N1: =D1 -> 0 | P1: 安息角計算
H2: 下限 | I2: =設定・集計!$B$5 -> -0.01948 | K2: {=_xlfn._xlws.FILTER(A2:D200,(A2:A200>=$I$2)*(A2:A200<=$I$3))} -> #VALUE! | P2: 安息角タンジェント(傾き) | Q2: =SLOPE(N2:N100,K2:K100) -> #VALUE!
H3: 上限 | I3: =設定・集計!$B$6 -> -0.01005 | P3: 安息角 | Q3: =DEGREES(ATAN(Q2)) -> #VALUE!

Sheet 8
H1: データ抽出 | K1: =A1 -> 0 | L1: =B1 -> 0 | M1: =C1 -> 0 | N1: =D1 -> 0 | P1: 安息角計算
H2: 下限 | I2: =設定・集計!$B$5 -> -0.01948 | K2: {=_xlfn._xlws.FILTER(A2:D200,(A2:A200>=$I$2)*(A2:A200<=$I$3))} -> #VALUE! | P2: 安息角タンジェント(傾き) | Q2: =SLOPE(N2:N100,K2:K100) -> #VALUE!
H3: 上限 | I3: =設定・集計!$B$6 -> -0.01005 | P3: 安息角 | Q3: =DEGREES(ATAN(Q2)) -> #VALUE!

Sheet 9
H1: データ抽出 | K1: =A1 -> 0 | L1: =B1 -> 0 | M1: =C1 -> 0 | N1: =D1 -> 0 | P1: 安息角計算
H2: 下限 | I2: =設定・集計!$B$5 -> -0.01948 | K2: {=_xlfn._xlws.FILTER(A2:D200,(A2:A200>=$I$2)*(A2:A200<=$I$3))} -> #VALUE! | P2: 安息角タンジェント(傾き) | Q2: =SLOPE(N2:N100,K2:K100) -> #VALUE!
H3: 上限 | I3: =設定・集計!$B$6 -> -0.01005 | P3: 安息角 | Q3: =DEGREES(ATAN(Q2)) -> #VALUE!
